Workbook

Sheet VA HoD Results
A2: Env is calculated on State House and US House margins
A3: UO = Unopposed
C5: Env: | D5: -8.93 | E5: -10.11 | F5: 1.94 | G5: -1.76 | H5: -5.78
C6: HoD Seat: | D6: Net Margin 2017: | E6: Net Margin 2020: | F6: Net Margin 2021: | G6: Net Margin 2023: | H6: Net Margin 2024: | I6: Swing '17 -> '20 | J6: Env Swing '17 -> '20: | K6: Comp Swing '17 -> '20 | L6: Swing '17 -> '21 | M6: Env Swing '17 -> '21: | N6: Comp Swing '17 -> '21 | O6: Swing '20 -> '21 | P6: Env Swing '20 -> '21: | Q6: Comp Swing '20 -> '21 | R6: Swing '21 -> '23 | S6: Env Swing '21 -> '23: | T6: Comp Swing '21 -> '23 | U6: Swing '23 -> '24 | V6: Env Swing '23 -> '24: | W6: Comp Swing '23 -> '24 | X6: Swing '20 -> '24 | Y6: Env Swing '20 -> '24: | Z6: Comp Swing '20 -> '24 | AA6: Swing '21 -> '24: | AB6: Env Swing '21 -> '24: | AC6: Comp Swing '21 -> '24: | AD6: % White: | AE6: % Black: | AF6: % Asian: | AG6: % Hispanic: | AH6: College Ed % | AI6: HS Degree or less %:
C7: HD-100 | D7: 2.6 | E7: 5.6 | F7: 16.6 | G7: 19.4 | H7: 5.4 | I7: =E7-D7 -> 3 | J7: =$E$5-$D$5 -> -1.18 | K7: =I7-J7 -> 4.18 | L7: =F7-D7 -> 14 | M7: =$F$5-$D$5 -> 10.87 | N7: =L7-M7 -> 3.13 | O7: =F7-E7 -> 11 | P7: =$F$5-$E$5 -> 12.05 | Q7: =O7-P7 -> -1.05 | R7: =G7-F7 -> 2.8 | S7: =$G$5-$F$5 -> -3.7 | T7: =R7-S7 -> 6.5 | U7: =H7-G7 -> -14 | V7: =$H$5-$G$5 -> -4.02 | W7: =U7-V7 -> -9.98 | X7: =H7-E7 -> -0.2 | Y7: =$H$5-$E$5 -> 4.33 | Z7: =X7-Y7 -> -4.53 | AA7: =H7-F7 -> -11.2 | AB7: =$H$5-$F$5 -> -7.72 | AC7: =AA7-AB7 -> -3.48 | AD7: 0.634 | AE7: 0.194 | AF7: 0.031 | AG7: 0.092 | AH7: 0.352 | AI7: 0.648
C8: HD-22 | D8: 0.6 | E8: -5.4 | F8: 5.7 | G8: 4.6 | H8: -0.7 | I8: =E8-D8 -> -6 | J8: =$E$5-$D$5 -> -1.18 | K8: =I8-J8 -> -4.82 | L8: =F8-D8 -> 5.1 | M8: =$F$5-$D$5 -> 10.87 | N8: =L8-M8 -> -5.77 | O8: =F8-E8 -> 11.1 | P8: =$F$5-$E$5 -> 12.05 | Q8: =O8-P8 -> -0.95 | R8: =G8-F8 -> -1.1 | S8: =$G$5-$F$5 -> -3.7 | T8: =R8-S8 -> 2.6 | U8: =H8-G8 -> -5.3 | V8: =$H$5-$G$5 -> -4.02 | W8: =U8-V8 -> -1.28 | X8: =H8-E8 -> 4.7 | Y8: =$H$5-$E$5 -> 4.33 | Z8: =X8-Y8 -> 0.37 | AA8: =H8-F8 -> -6.4 | AB8: =$H$5-$F$5 -> -7.72 | AC8: =AA8-AB8 -> 1.32 | AD8: 0.58 | AE8: 0.101 | AF8: 0.109 | AG8: 0.141 | AH8: 0.53 | AI8: 0.47
C9: HD-30 | D9: 4 | E9: -0.6 | F9: 13.5 | G9: 6.4 | H9: 1.2 | I9: =E9-D9 -> -4.6 | J9: =$E$5-$D$5 -> -1.18 | K9: =I9-J9 -> -3.42 | L9: =F9-D9 -> 9.5 | M9: =$F$5-$D$5 -> 10.87 | N9: =L9-M9 -> -1.37 | O9: =F9-E9 -> 14.1 | P9: =$F$5-$E$5 -> 12.05 | Q9: =O9-P9 -> 2.05 | R9: =G9-F9 -> -7.1 | S9: =$G$5-$F$5 -> -3.7 | T9: =R9-S9 -> -3.4 | U9: =H9-G9 -> -5.2 | V9: =$H$5-$G$5 -> -4.02 | W9: =U9-V9 -> -1.18 | X9: =H9-E9 -> 1.8 | Y9: =$H$5-$E$5 -> 4.33 | Z9: =X9-Y9 -> -2.53 | AA9: =H9-F9 -> -12.3 | AB9: =$H$5-$F$5 -> -7.72 | AC9: =AA9-AB9 -> -4.58 | AD9: 0.72 | AE9: 0.044 | AF9: 0.092 | AG9: 0.083 | AH9: 0.603 | AI9: 0.397
C10: HD-34 | D10: 5.5 | E10: 4.2 | F10: 17.9 | G10: 13.8 | H10: 6.5 | I10: =E10-D10 -> -1.3 | J10: =$E$5-$D$5 -> -1.18 | K10: =I10-J10 -> -0.12 | L10: =F10-D10 -> 12.4 | M10: =$F$5-$D$5 -> 10.87 | N10: =L10-M10 -> 1.53 | O10: =F10-E10 -> 13.7 | P10: =$F$5-$E$5 -> 12.05 | Q10: =O10-P10 -> 1.65 | R10: =G10-F10 -> -4.1 | S10: =$G$5-$F$5 -> -3.7 | T10: =R10-S10 -> -0.4 | U10: =H10-G10 -> -7.3 | V10: =$H$5-$G$5 -> -4.02 | W10: =U10-V10 -> -3.28 | X10: =H10-E10 -> 2.3 | Y10: =$H$5-$E$5 -> 4.33 | Z10: =X10-Y10 -> -2.03 | AA10: =H10-F10 -> -11.4 | AB10: =$H$5-$F$5 -> -7.72 | AC10: =AA10-AB10 -> -3.68 | AD10: 0.703 | AE10: 0.054 | AF10: 0.03 | AG10: 0.173 | AH10: 0.341 | AI10: 0.659
C11: HD-41 | D11: -3.8 | E11: 0.8 | F11: 11 | G11: 0.7 | H11: 2.9 | I11: =E11-D11 -> 4.6 | J11: =$E$5-$D$5 -> -1.18 | K11: =I11-J11 -> 5.78 | L11: =F11-D11 -> 14.8 | M11: =$F$5-$D$5 -> 10.87 | N11: =L11-M11 -> 3.93 | O11: =F11-E11 -> 10.2 | P11: =$F$5-$E$5 -> 12.05 | Q11: =O11-P11 -> -1.85 | R11: =G11-F11 -> -10.3 | S11: =$G$5-$F$5 -> -3.7 | T11: =R11-S11 -> -6.6 | U11: =H11-G11 -> 2.2 | V11: =$H$5-$G$5 -> -4.02 | W11: =U11-V11 -> 6.22 | X11: =H11-E11 -> 2.1 | Y11: =$H$5-$E$5 -> 4.33 | Z11: =X11-Y11 -> -2.23 | AA11: =H11-F11 -> -8.1 | AB11: =$H$5-$F$5 -> -7.72 | AC11: =AA11-AB11 -> -0.38 | AD11: 0.788 | AE11: 0.032 | AF11: 0.093 | AG11: 0.042 | AH11: 0.48 | AI11: 0.52
C12: HD-49 | D12: 10.3 | E12: 3.5 | F12: 19.5 | G12: UO | H12: 8.3 | I12: =E12-D12 -> -6.8 | J12: =$E$5-$D$5 -> -1.18 | K12: =I12-J12 -> -5.62 | L12: =F12-D12 -> 9.2 | M12: =$F$5-$D$5 -> 10.87 | N12: =L12-M12 -> -1.67 | O12: =F12-E12 -> 16 | P12: =$F$5-$E$5 -> 12.05 | Q12: =O12-P12 -> 3.95 | R12: N/A | S12: =$G$5-$F$5 -> -3.7 | T12: N/A | U12: N/A | V12: =$H$5-$G$5 -> -4.02 | W12: N/A | X12: =H12-E12 -> 4.8 | Y12: =$H$5-$E$5 -> 4.33 | Z12: =X12-Y12 -> 0.47 | AA12: =H12-F12 -> -11.2 | AB12: =$H$5-$F$5 -> -7.72 | AC12: =AA12-AB12 -> -3.48 | AD12: 0.522 | AE12: 0.399 | AF12: 0.01 | AG12: 0.038 | AH12: 0.185 | AI12: 0.815
C13: HD-52 | D13: 9.1 | E13: 2.3 | F13: 15.9 | G13: 9 | H13: 11.7 | I13: =E13-D13 -> -6.8 | J13: =$E$5-$D$5 -> -1.18 | K13: =I13-J13 -> -5.62 | L13: =F13-D13 -> 6.8 | M13: =$F$5-$D$5 -> 10.87 | N13: =L13-M13 -> -4.07 | O13: =F13-E13 -> 13.6 | P13: =$F$5-$E$5 -> 12.05 | Q13: =O13-P13 -> 1.55 | R13: =G13-F13 -> -6.9 | S13: =$G$5-$F$5 -> -3.7 | T13: =R13-S13 -> -3.2 | U13: =H13-G13 -> 2.7 | V13: =$H$5-$G$5 -> -4.02 | W13: =U13-V13 -> 6.72 | X13: =H13-E13 -> 9.4 | Y13: =$H$5-$E$5 -> 4.33 | Z13: =X13-Y13 -> 5.07 | AA13: =H13-F13 -> -4.2 | AB13: =$H$5-$F$5 -> -7.72 | AC13: =AA13-AB13 -> 3.52 | AD13: 0.619 | AE13: 0.253 | AF13: 0.022 | AG13: 0.05 | AH13: 0.38 | AI13: 0.62
C14: HD-57 | D14: 1.3 | E14: -5.4 | F14: 3.5 | G14: 2 | H14: -9.4 | I14: =E14-D14 -> -6.7 | J14: =$E$5-$D$5 -> -1.18 | K14: =I14-J14 -> -5.52 | L14: =F14-D14 -> 2.2 | M14: =$F$5-$D$5 -> 10.87 | N14: =L14-M14 -> -8.67 | O14: =F14-E14 -> 8.9 | P14: =$F$5-$E$5 -> 12.05 | Q14: =O14-P14 -> -3.15 | R14: =G14-F14 -> -1.5 | S14: =$G$5-$F$5 -> -3.7 | T14: =R14-S14 -> 2.2 | U14: =H14-G14 -> -11.4 | V14: =$H$5-$G$5 -> -4.02 | W14: =U14-V14 -> -7.38 | X14: =H14-E14 -> -4 | Y14: =$H$5-$E$5 -> 4.33 | Z14: =X14-Y14 -> -8.33 | AA14: =H14-F14 -> -12.9 | AB14: =$H$5-$F$5 -> -7.72 | AC14: =AA14-AB14 -> -5.18 | AD14: 0.613 | AE14: 0.085 | AF14: 0.204 | AG14: 0.049 | AH14: 0.668 | AI14: 0.332
C15: HD-64 | D15: 8.8 | E15: 0.7 | F15: 13.8 | G15: 9 | H15: 1.9 | I15: =E15-D15 -> -8.1 | J15: =$E$5-$D$5 -> -1.18 | K15: =I15-J15 -> -6.92 | L15: =F15-D15 -> 5 | M15: =$F$5-$D$5 -> 10.87 | N15: =L15-M15 -> -5.87 | O15: =F15-E15 -> 13.1 | P15: =$F$5-$E$5 -> 12.05 | Q15: =O15-P15 -> 1.05 | R15: =G15-F15 -> -4.8 | S15: =$G$5-$F$5 -> -3.7 | T15: =R15-S15 -> -1.1 | U15: =H15-G15 -> -7.1 | V15: =$H$5-$G$5 -> -4.02 | W15: =U15-V15 -> -3.08 | X15: =H15-E15 -> 1.2 | Y15: =$H$5-$E$5 -> 4.33 | Z15: =X15-Y15 -> -3.13 | AA15: =H15-F15 -> -11.9 | AB15: =$H$5-$F$5 -> -7.72 | AC15: =AA15-AB15 -> -4.18 | AD15: 0.559 | AE15: 0.184 | AF15: 0.038 | AG15: 0.143 | AH15: 0.445 | AI15: 0.555
C16: HD-65 | D16: -4.4 | E16: -11.7 | F16: 2.8 | G16: -6 | H16: -9.5 | I16: =E16-D16 -> -7.3 | J16: =$E$5-$D$5 -> -1.18 | K16: =I16-J16 -> -6.12 | L16: =F16-D16 -> 7.2 | M16: =$F$5-$D$5 -> 10.87 | N16: =L16-M16 -> -3.67 | O16: =F16-E16 -> 14.5 | P16: =$F$5-$E$5 -> 12.05 | Q16: =O16-P16 -> 2.45 | R16: =G16-F16 -> -8.8 | S16: =$G$5-$F$5 -> -3.7 | T16: =R16-S16 -> -5.1 | U16: =H16-G16 -> -3.5 | V16: =$H$5-$G$5 -> -4.02 | W16: =U16-V16 -> 0.52 | X16: =H16-E16 -> 2.2 | Y16: =$H$5-$E$5 -> 4.33 | Z16: =X16-Y16 -> -2.13 | AA16: =H16-F16 -> -12.3 | AB16: =$H$5-$F$5 -> -7.72 | AC16: =AA16-AB16 -> -4.58 | AD16: 0.587 | AE16: 0.178 | AF16: 0.039 | AG16: 0.12 | AH16: 0.421 | AI16: 0.579
C17: HD-66 | D17: 2.5 | E17: 0.8 | F17: 12.6 | G17: 11.5 | H17: 2.4 | I17: =E17-D17 -> -1.7 | J17: =$E$5-$D$5 -> -1.18 | K17: =I17-J17 -> -0.52 | L17: =F17-D17 -> 10.1 | M17: =$F$5-$D$5 -> 10.87 | N17: =L17-M17 -> -0.77 | O17: =F17-E17 -> 11.8 | P17: =$F$5-$E$5 -> 12.05 | Q17: =O17-P17 -> -0.25 | R17: =G17-F17 -> -1.1 | S17: =$G$5-$F$5 -> -3.7 | T17: =R17-S17 -> 2.6 | U17: =H17-G17 -> -9.1 | V17: =$H$5-$G$5 -> -4.02 | W17: =U17-V17 -> -5.08 | X17: =H17-E17 -> 1.6 | Y17: =$H$5-$E$5 -> 4.33 | Z17: =X17-Y17 -> -2.73 | AA17: =H17-F17 -> -10.2 | AB17: =$H$5-$F$5 -> -7.72 | AC17: =AA17-AB17 -> -2.48 | AD17: 0.589 | AE17: 0.212 | AF17: 0.026 | AG17: 0.101 | AH17: 0.321 | AI17: 0.678
C18: HD-69 | D18: 5 | E18: 1.8 | F18: 12.7 | G18: UO | H18: 1.6 | I18: =E18-D18 -> -3.2 | J18: =$E$5-$D$5 -> -1.18 | K18: =I18-J18 -> -2.02 | L18: =F18-D18 -> 7.7 | M18: =$F$5-$D$5 -> 10.87 | N18: =L18-M18 -> -3.17 | O18: =F18-E18 -> 10.9 | P18: =$F$5-$E$5 -> 12.05 | Q18: =O18-P18 -> -1.15 | R18: N/A | S18: =$G$5-$F$5 -> -3.7 | T18: N/A | U18: N/A | V18: =$H$5-$G$5 -> -4.02 | W18: N/A | X18: =H18-E18 -> -0.2 | Y18: =$H$5-$E$5 -> 4.33 | Z18: =X18-Y18 -> -4.53 | AA18: =H18-F18 -> -11.1 | AB18: =$H$5-$F$5 -> -7.72 | AC18: =AA18-AB18 -> -3.38 | AD18: 0.67 | AE18: 0.15 | AF18: 0.036 | AG18: 0.08 | AH18: 0.441 | AI18: 0.559
C19: HD-71 | D19: -0.8 | E19: -3.2 | F19: 7.4 | G19: 1.9 | H19: -4.9 | I19: =E19-D19 -> -2.4 | J19: =$E$5-$D$5 -> -1.18 | K19: =I19-J19 -> -1.22 | L19: =F19-D19 -> 8.2 | M19: =$F$5-$D$5 -> 10.87 | N19: =L19-M19 -> -2.67 | O19: =F19-E19 -> 10.6 | P19: =$F$5-$E$5 -> 12.05 | Q19: =O19-P19 -> -1.45 | R19: =G19-F19 -> -5.5 | S19: =$G$5-$F$5 -> -3.7 | T19: =R19-S19 -> -1.8 | U19: =H19-G19 -> -6.8 | V19: =$H$5-$G$5 -> -4.02 | W19: =U19-V19 -> -2.78 | X19: =H19-E19 -> -1.7 | Y19: =$H$5-$E$5 -> 4.33 | Z19: =X19-Y19 -> -6.03 | AA19: =H19-F19 -> -12.3 | AB19: =$H$5-$F$5 -> -7.72 | AC19: =AA19-AB19 -> -4.58 | AD19: 0.687 | AE19: 0.169 | AF19: 0.028 | AG19: 0.059 | AH19: 0.478 | AI19: 0.522
C20: HD-73 | D20: 9.7 | E20: 7.1 | F20: 15.2 | G20: 9 | H20: -1.1 | I20: =E20-D20 -> -2.6 | J20: =$E$5-$D$5 -> -1.18 | K20: =I20-J20 -> -1.42 | L20: =F20-D20 -> 5.5 | M20: =$F$5-$D$5 -> 10.87 | N20: =L20-M20 -> -5.37 | O20: =F20-E20 -> 8.1 | P20: =$F$5-$E$5 -> 12.05 | Q20: =O20-P20 -> -3.95 | R20: =G20-F20 -> -6.2 | S20: =$G$5-$F$5 -> -3.7 | T20: =R20-S20 -> -2.5 | U20: =H20-G20 -> -10.1 | V20: =$H$5-$G$5 -> -4.02 | W20: =U20-V20 -> -6.08 | X20: =H20-E20 -> -8.2 | Y20: =$H$5-$E$5 -> 4.33 | Z20: =X20-Y20 -> -12.53 | AA20: =H20-F20 -> -16.3 | AB20: =$H$5-$F$5 -> -7.72 | AC20: =AA20-AB20 -> -8.58 | AD20: 0.755 | AE20: 0.093 | AF20: 0.051 | AG20: 0.05 | AH20: 0.578 | AI20: 0.422
C21: HD-74 | D21: 15.4 | E21: 13.3 | F21: 22.8 | G21: UO | H21: 8.3 | I21: =E21-D21 -> -2.1 | J21: =$E$5-$D$5 -> -1.18 | K21: =I21-J21 -> -0.92 | L21: =F21-D21 -> 7.4 | M21: =$F$5-$D$5 -> 10.87 | N21: =L21-M21 -> -3.47 | O21: =F21-E21 -> 9.5 | P21: =$F$5-$E$5 -> 12.05 | Q21: =O21-P21 -> -2.55 | R21: N/A | S21: =$G$5-$F$5 -> -3.7 | T21: N/A | U21: N/A | V21: =$H$5-$G$5 -> -4.02 | W21: N/A | X21: =H21-E21 -> -5 | Y21: =$H$5-$E$5 -> 4.33 | Z21: =X21-Y21 -> -9.33 | AA21: =H21-F21 -> -14.5 | AB21: =$H$5-$F$5 -> -7.72 | AC21: =AA21-AB21 -> -6.78 | AD21: 0.599 | AE21: 0.258 | AF21: 0.022 | AG21: 0.064 | AH21: 0.464 | AI21: 0.636
C22: HD-75 | D22: 3 | E22: -5.1 | F22: 7.5 | G22: 5.8 | H22: -6.6 | I22: =E22-D22 -> -8.1 | J22: =$E$5-$D$5 -> -1.18 | K22: =I22-J22 -> -6.92 | L22: =F22-D22 -> 4.5 | M22: =$F$5-$D$5 -> 10.87 | N22: =L22-M22 -> -6.37 | O22: =F22-E22 -> 12.6 | P22: =$F$5-$E$5 -> 12.05 | Q22: =O22-P22 -> 0.55 | R22: =G22-F22 -> -1.7 | S22: =$G$5-$F$5 -> -3.7 | T22: =R22-S22 -> 2 | U22: =H22-G22 -> -12.4 | V22: =$H$5-$G$5 -> -4.02 | W22: =U22-V22 -> -8.38 | X22: =H22-E22 -> -1.5 | Y22: =$H$5-$E$5 -> 4.33 | Z22: =X22-Y22 -> -5.83 | AA22: =H22-F22 -> -14.1 | AB22: =$H$5-$F$5 -> -7.72 | AC22: =AA22-AB22 -> -6.38 | AD22: 0.475 | AE22: 0.327 | AF22: 0.028 | AG22: 0.113 | AH22: 0.261 | AI22: 0.739
C23: HD-82 | D23: -12.9 | E23: -10.7 | F23: 2.1 | G23: 0.3 | H23: -4.2 | I23: =E23-D23 -> 2.2 | J23: =$E$5-$D$5 -> -1.18 | K23: =I23-J23 -> 3.38 | L23: =F23-D23 -> 15 | M23: =$F$5-$D$5 -> 10.87 | N23: =L23-M23 -> 4.13 | O23: =F23-E23 -> 12.8 | P23: =$F$5-$E$5 -> 12.05 | Q23: =O23-P23 -> 0.75 | R23: =G23-F23 -> -1.8 | S23: =$G$5-$F$5 -> -3.7 | T23: =R23-S23 -> 1.9 | U23: =H23-G23 -> -4.5 | V23: =$H$5-$G$5 -> -4.02 | W23: =U23-V23 -> -0.48 | X23: =H23-E23 -> 6.5 | Y23: =$H$5-$E$5 -> 4.33 | Z23: =X23-Y23 -> 2.17 | AA23: =H23-F23 -> -6.3 | AB23: =$H$5-$F$5 -> -7.72 | AC23: =AA23-AB23 -> 1.42 | AD23: 0.444 | AE23: 0.453 | AF23: 0.014 | AG23: 0.049 | AH23: 0.242 | AI23: 0.758
C24: HD-83 | D24: 1.5 | E24: 2.2 | F24: 13.6 | G24: 16.9 | H24: 7.9 | I24: =E24-D24 -> 0.7 | J24: =$E$5-$D$5 -> -1.18 | K24: =I24-J24 -> 1.88 | L24: =F24-D24 -> 12.1 | M24: =$F$5-$D$5 -> 10.87 | N24: =L24-M24 -> 1.23 | O24: =F24-E24 -> 11.4 | P24: =$F$5-$E$5 -> 12.05 | Q24: =O24-P24 -> -0.65 | R24: =G24-F24 -> 3.3 | S24: =$G$5-$F$5 -> -3.7 | T24: =R24-S24 -> 7 | U24: =H24-G24 -> -9 | V24: =$H$5-$G$5 -> -4.02 | W24: =U24-V24 -> -4.98 | X24: =H24-E24 -> 5.7 | Y24: =$H$5-$E$5 -> 4.33 | Z24: =X24-Y24 -> 1.37 | AA24: =H24-F24 -> -5.7 | AB24: =$H$5-$F$5 -> -7.72 | AC24: =AA24-AB24 -> 2.02 | AD24: 0.52 | AE24: 0.408 | AF24: 0.009 | AG24: 0.028 | AH24: 0.211 | AI24: 0.789
C25: HD-86 | D25: -0.6 | E25: -3.2 | F25: 8.9 | G25: 12.9 | H25: -1.6 | I25: =E25-D25 -> -2.6 | J25: =$E$5-$D$5 -> -1.18 | K25: =I25-J25 -> -1.42 | L25: =F25-D25 -> 9.5 | M25: =$F$5-$D$5 -> 10.87 | N25: =L25-M25 -> -1.37 | O25: =F25-E25 -> 12.1 | P25: =$F$5-$E$5 -> 12.05 | Q25: =O25-P25 -> 0.05 | R25: =G25-F25 -> 4 | S25: =$G$5-$F$5 -> -3.7 | T25: =R25-S25 -> 7.7 | U25: =H25-G25 -> -14.5 | V25: =$H$5-$G$5 -> -4.02 | W25: =U25-V25 -> -10.48 | X25: =H25-E25 -> 1.6 | Y25: =$H$5-$E$5 -> 4.33 | Z25: =X25-Y25 -> -2.73 | AA25: =H25-F25 -> -10.5 | AB25: =$H$5-$F$5 -> -7.72 | AC25: =AA25-AB25 -> -2.78 | AD25: 0.585 | AE25: 0.234 | AF25: 0.043 | AG25: 0.064 | AH25: 0.363 | AI25: 0.637
C26: HD-89 | D26: -5.5 | E26: -2.7 | F26: 7.4 | G26: 1.8 | H26: -3 | I26: =E26-D26 -> 2.8 | J26: =$E$5-$D$5 -> -1.18 | K26: =I26-J26 -> 3.98 | L26: =F26-D26 -> 12.9 | M26: =$F$5-$D$5 -> 10.87 | N26: =L26-M26 -> 2.03 | O26: =F26-E26 -> 10.1 | P26: =$F$5-$E$5 -> 12.05 | Q26: =O26-P26 -> -1.95 | R26: =G26-F26 -> -5.6 | S26: =$G$5-$F$5 -> -3.7 | T26: =R26-S26 -> -1.9 | U26: =H26-G26 -> -4.8 | V26: =$H$5-$G$5 -> -4.02 | W26: =U26-V26 -> -0.78 | X26: =H26-E26 -> -0.3 | Y26: =$H$5-$E$5 -> 4.33 | Z26: =X26-Y26 -> -4.63 | AA26: =H26-F26 -> -10.4 | AB26: =$H$5-$F$5 -> -7.72 | AC26: =AA26-AB26 -> -2.68 | AD26: 0.567 | AE26: 0.282 | AF26: 0.029 | AG26: 0.055 | AH26: 0.368 | AI26: 0.632
C27: HD-97 | D27: -9.3 | E27: -12.4 | F27: 2.1 | G27: -4.8 | H27: -7.8 | I27: =E27-D27 -> -3.1 | J27: =$E$5-$D$5 -> -1.18 | K27: =I27-J27 -> -1.92 | L27: =F27-D27 -> 11.4 | M27: =$F$5-$D$5 -> 10.87 | N27: =L27-M27 -> 0.53 | O27: =F27-E27 -> 14.5 | P27: =$F$5-$E$5 -> 12.05 | Q27: =O27-P27 -> 2.45 | R27: =G27-F27 -> -6.9 | S27: =$G$5-$F$5 -> -3.7 | T27: =R27-S27 -> -3.2 | U27: =H27-G27 -> -3 | V27: =$H$5-$G$5 -> -4.02 | W27: =U27-V27 -> 1.02 | X27: =H27-E27 -> 4.6 | Y27: =$H$5-$E$5 -> 4.33 | Z27: =X27-Y27 -> 0.27 | AA27: =H27-F27 -> -9.9 | AB27: =$H$5-$F$5 -> -7.72 | AC27: =AA27-AB27 -> -2.18 | AD27: 0.557 | AE27: 0.198 | AF27: 0.072 | AG27: 0.093 | AH27: 0.347 | AI27: 0.653
C28: HD-99 | D28: 5.7 | E28: 4.3 | F28: 17.8 | G28: 14.7 | H28: 4.8 | I28: =E28-D28 -> -1.4 | J28: =$E$5-$D$5 -> -1.18 | K28: =I28-J28 -> -0.22 | L28: =F28-D28 -> 12.1 | M28: =$F$5-$D$5 -> 10.87 | N28: =L28-M28 -> 1.23 | O28: =F28-E28 -> 13.5 | P28: =$F$5-$E$5 -> 12.05 | Q28: =O28-P28 -> 1.45 | R28: =G28-F28 -> -3.1 | S28: =$G$5-$F$5 -> -3.7 | T28: =R28-S28 -> 0.6 | U28: =H28-G28 -> -9.9 | V28: =$H$5-$G$5 -> -4.02 | W28: =U28-V28 -> -5.88 | X28: =H28-E28 -> 0.5 | Y28: =$H$5-$E$5 -> 4.33 | Z28: =X28-Y28 -> -3.83 | AA28: =H28-F28 -> -13 | AB28: =$H$5-$F$5 -> -7.72 | AC28: =AA28-AB28 -> -5.28 | AD28: 0.743 | AE28: 0.094 | AF28: 0.032 | AG28: 0.073 | AH28: 0.534 | AI28: 0.466

Sheet HOD Swing Calculator '21
F4: 2025 VA Gov Prediction:
F5: -12.27
C6: HoD Seat: | D6: Net Margin 2017: | E6: Net Margin 2020: | F6: Net Margin 2021: | G6: Net Margin 2023: | H6: Net Margin 2024: | I6: 20 -> '21 Comp. Swing | J6: 20 -> '24 Comp Swing | K6: 21 -> '24 Comp Swing | L6: 21 -> '25 VA Env. Swing | M6: 21 -> '25 Comp Swing | N6: Anticipated 2025 Top Ballot Result (No Incumbency Added): | O6: % White: | P6: % Black: | Q6: % Asian: | R6: % Hispanic: | S6: College Ed % | T6: HS Degree or less %:
C7: HD-100 | D7: 2.6 | E7: 5.6 | F7: 16.6 | G7: 19.4 | H7: 5.4 | I7: =(F7-E7)-'VA HoD Results'!P7 -> -1.05 | J7: =(H7-E7)-'VA HoD Results'!Y7 -> -4.53 | K7: =(H7-F7)-'VA HoD Results'!AB23 -> -3.48 | L7: =$F$5-'VA HoD Results'!$F$5 -> -14.21 | M7: =AVERAGE(I7:K7) -> -3.02 | N7: =L7+M7+F7 -> -0.63 | O7: 0.634 | P7: 0.194 | Q7: 0.031 | R7: 0.092 | S7: 0.352 | T7: 0.648
C8: HD-22 | D8: 0.6 | E8: -5.4 | F8: 5.7 | G8: 4.6 | H8: -0.7 | I8: =(F8-E8)-'VA HoD Results'!P8 -> -0.95 | J8: =(H8-E8)-'VA HoD Results'!Y8 -> 0.37 | K8: =(H8-F8)-'VA HoD Results'!AB16 -> 1.32 | L8: =$F$5-'VA HoD Results'!$F$5 -> -14.21 | M8: =AVERAGE(I8:K8) -> 0.24666667 | N8: =L8+M8+F8 -> -8.2633333 | O8: 0.58 | P8: 0.101 | Q8: 0.109 | R8: 0.141 | S8: 0.53 | T8: 0.47
C9: HD-30 | D9: 4 | E9: -0.6 | F9: 13.5 | G9: 6.4 | H9: 1.2 | I9: =(F9-E9)-'VA HoD Results'!P9 -> 2.05 | J9: =(H9-E9)-'VA HoD Results'!Y9 -> -2.53 | K9: =(H9-F9)-'VA HoD Results'!AB17 -> -4.58 | L9: =$F$5-'VA HoD Results'!$F$5 -> -14.21 | M9: =AVERAGE(I9*0.4, J9:K9) -> -2.0966667 | N9: =L9+M9+F9 -> -2.8066667 | O9: 0.72 | P9: 0.044 | Q9: 0.092 | R9: 0.083 | S9: 0.603 | T9: 0.397
C10: HD-34 | D10: 5.5 | E10: 4.2 | F10: 17.9 | G10: 13.8 | H10: 6.5 | I10: =(F10-E10)-'VA HoD Results'!P10 -> 1.65 | J10: =(H10-E10)-'VA HoD Results'!Y10 -> -2.03 | K10: =(H10-F10)-'VA HoD Results'!AB24 -> -3.68 | L10: =$F$5-'VA HoD Results'!$F$5 -> -14.21 | M10: =AVERAGE(J10:K10,L10*0.5) -> -4.2716667 | N10: =L10+M10+F10 -> -0.58166667 | O10: 0.703 | P10: 0.054 | Q10: 0.03 | R10: 0.173 | S10: 0.341 | T10: 0.659
C11: HD-41 | D11: -3.8 | E11: 0.8 | F11: 11 | G11: 0.7 | H11: 2.9 | I11: =(F11-E11)-'VA HoD Results'!P11 -> -1.85 | J11: =(H11-E11)-'VA HoD Results'!Y11 -> -2.23 | K11: =(H11-F11)-'VA HoD Results'!AB21 -> -0.38 | L11: =$F$5-'VA HoD Results'!$F$5 -> -14.21 | M11: =AVERAGE(I11:K11) -> -1.4866667 | N11: =L11+M11+F11 -> -4.6966667 | O11: 0.788 | P11: 0.032 | Q11: 0.093 | R11: 0.042 | S11: 0.48 | T11: 0.52
C12: HD-49 | D12: 10.3 | E12: 3.5 | F12: 19.5 | G12: UO | H12: 8.3 | I12: =(F12-E12)-'VA HoD Results'!P12 -> 3.95 | J12: =(H12-E12)-'VA HoD Results'!Y12 -> 0.47 | K12: =(H12-F12)-'VA HoD Results'!AB26 -> -3.48 | L12: =$F$5-'VA HoD Results'!$F$5 -> -14.21 | M12: =AVERAGE(I12*0.5,J12,K12*0.5) -> 0.235 | N12: =L12+M12+F12 -> 5.525 | O12: 0.522 | P12: 0.399 | Q12: 0.01 | R12: 0.038 | S12: 0.185 | T12: 0.815
C13: HD-52 | D13: 9.1 | E13: 2.3 | F13: 15.9 | G13: 9 | H13: 11.7 | I13: =(F13-E13)-'VA HoD Results'!P13 -> 1.55 | J13: =(H13-E13)-'VA HoD Results'!Y13 -> 5.07 | K13: =(H13-F13)-'VA HoD Results'!AB28 -> 3.52 | L13: =$F$5-'VA HoD Results'!$F$5 -> -14.21 | M13: =AVERAGE(I13:K13) -> 3.38 | N13: =L13+M13+F13 -> 5.07 | O13: 0.619 | P13: 0.253 | Q13: 0.022 | R13: 0.05 | S13: 0.38 | T13: 0.62
C14: HD-57 | D14: 1.3 | E14: -5.4 | F14: 3.5 | G14: 2 | H14: -9.4 | I14: =(F14-E14)-'VA HoD Results'!P14 -> -3.15 | J14: =(H14-E14)-'VA HoD Results'!Y14 -> -8.33 | K14: =(H14-F14)-'VA HoD Results'!AB8 -> -5.18 | L14: =$F$5-'VA HoD Results'!$F$5 -> -14.21 | M14: =AVERAGE(I14,J14,K14*0.4) -> -4.5173333 | N14: =L14+M14+F14 -> -15.227333 | O14: 0.613 | P14: 0.085 | Q14: 0.204 | R14: 0.049 | S14: 0.668 | T14: 0.332
C15: HD-64 | D15: 8.8 | E15: 0.7 | F15: 13.8 | G15: 9 | H15: 1.9 | I15: =(F15-E15)-'VA HoD Results'!P15 -> 1.05 | J15: =(H15-E15)-'VA HoD Results'!Y15 -> -3.13 | K15: =(H15-F15)-'VA HoD Results'!AB19 -> -4.18 | L15: =$F$5-'VA HoD Results'!$F$5 -> -14.21 | M15: =AVERAGE(I15*0.4,J15,K15*0.5) -> -1.6 | N15: =L15+M15+F15 -> -2.01 | O15: 0.559 | P15: 0.184 | Q15: 0.038 | R15: 0.143 | S15: 0.445 | T15: 0.555
C16: HD-65 | D16: -4.4 | E16: -11.7 | F16: 2.8 | G16: -6 | H16: -9.5 | I16: =(F16-E16)-'VA HoD Results'!P16 -> 2.45 | J16: =(H16-E16)-'VA HoD Results'!Y16 -> -2.13 | K16: =(H16-F16)-'VA HoD Results'!AB7 -> -4.58 | L16: =$F$5-'VA HoD Results'!$F$5 -> -14.21 | M16: =AVERAGE(0.5*I16,J16:K16) -> -1.8283333 | N16: =L16+M16+F16 -> -13.238333 | O16: 0.587 | P16: 0.178 | Q16: 0.039 | R16: 0.12 | S16: 0.421 | T16: 0.579
C17: HD-66 | D17: 2.5 | E17: 0.8 | F17: 12.6 | G17: 11.5 | H17: 2.4 | I17: =(F17-E17)-'VA HoD Results'!P17 -> -0.25 | J17: =(H17-E17)-'VA HoD Results'!Y17 -> -2.73 | K17: =(H17-F17)-'VA HoD Results'!AB20 -> -2.48 | L17: =$F$5-'VA HoD Results'!$F$5 -> -14.21 | M17: =AVERAGE(I17,J17,K17) -> -1.82 | N17: =L17+M17+F17 -> -3.43 | O17: 0.589 | P17: 0.212 | Q17: 0.026 | R17: 0.101 | S17: 0.321 | T17: 0.678
C18: HD-69 | D18: 5 | E18: 1.8 | F18: 12.7 | G18: UO | H18: 1.6 | I18: =(F18-E18)-'VA HoD Results'!P18 -> -1.15 | J18: =(H18-E18)-'VA HoD Results'!Y18 -> -4.53 | K18: =(H18-F18)-'VA HoD Results'!AB18 -> -3.38 | L18: =$F$5-'VA HoD Results'!$F$5 -> -14.21 | M18: =AVERAGE(I18,J18,K18*0.5) -> -2.4566667 | N18: =L18+M18+F18 -> -3.9666667 | O18: 0.67 | P18: 0.15 | Q18: 0.036 | R18: 0.08 | S18: 0.441 | T18: 0.559
C19: HD-71 | D19: -0.8 | E19: -3.2 | F19: 7.4 | G19: 1.9 | H19: -4.9 | I19: =(F19-E19)-'VA HoD Results'!P19 -> -1.45 | J19: =(H19-E19)-'VA HoD Results'!Y19 -> -6.03 | K19: =(H19-F19)-'VA HoD Results'!AB11 -> -4.58 | L19: =$F$5-'VA HoD Results'!$F$5 -> -14.21 | M19: =AVERAGE(I19,J19,K19*0.4) -> -3.104 | N19: =L19+M19+F19 -> -9.914 | O19: 0.687 | P19: 0.169 | Q19: 0.028 | R19: 0.059 | S19: 0.478 | T19: 0.522
C20: HD-73 | D20: 9.7 | E20: 7.1 | F20: 15.2 | G20: 9 | H20: -1.1 | I20: =(F20-E20)-'VA HoD Results'!P20 -> -3.95 | J20: =(H20-E20)-'VA HoD Results'!Y20 -> -12.53 | K20: =(H20-F20)-'VA HoD Results'!AB15 -> -8.58 | L20: =$F$5-'VA HoD Results'!$F$5 -> -14.21 | M20: =AVERAGE(I20,J20,0.3*K20) -> -6.3513333 | N20: =L20+M20+F20 -> -5.3613333 | O20: 0.755 | P20: 0.093 | Q20: 0.051 | R20: 0.05 | S20: 0.578 | T20: 0.422
C21: HD-74 | D21: 15.4 | E21: 13.3 | F21: 22.8 | G21: UO | H21: 8.3 | I21: =(F21-E21)-'VA HoD Results'!P21 -> -2.55 | J21: =(H21-E21)-'VA HoD Results'!Y21 -> -9.33 | K21: =(H21-F21)-'VA HoD Results'!AB27 -> -6.78 | L21: =$F$5-'VA HoD Results'!$F$5 -> -14.21 | M21: =AVERAGE(I21,J21,K21*0.4) -> -4.864 | N21: =L21+M21+F21 -> 3.726 | O21: 0.599 | P21: 0.258 | Q21: 0.022 | R21: 0.064 | S21: 0.464 | T21: 0.636
C22: HD-75 | D22: 3 | E22: -5.1 | F22: 7.5 | G22: 5.8 | H22: -6.6 | I22: =(F22-E22)-'VA HoD Results'!P22 -> 0.55 | J22: =(H22-E22)-'VA HoD Results'!Y22 -> -5.83 | K22: =(H22-F22)-'VA HoD Results'!AB10 -> -6.38 | L22: =$F$5-'VA HoD Results'!$F$5 -> -14.21 | M22: =AVERAGE(I22,J22,K22*0.4) -> -2.6106667 | N22: =L22+M22+F22 -> -9.3206667 | O22: 0.475 | P22: 0.327 | Q22: 0.028 | R22: 0.113 | S22: 0.261 | T22: 0.739
C23: HD-82 | D23: -12.9 | E23: -10.7 | F23: 2.1 | G23: 0.3 | H23: -4.2 | I23: =(F23-E23)-'VA HoD Results'!P23 -> 0.75 | J23: =(H23-E23)-'VA HoD Results'!Y23 -> 2.17 | K23: =(H23-F23)-'VA HoD Results'!AB12 -> 1.42 | L23: =$F$5-'VA HoD Results'!$F$5 -> -14.21 | M23: =AVERAGE(I23,J23,K23) -> 1.4466667 | N23: =L23+M23+F23 -> -10.663333 | O23: 0.444 | P23: 0.453 | Q23: 0.014 | R23: 0.049 | S23: 0.242 | T23: 0.758
C24: HD-83 | D24: 1.5 | E24: 2.2 | F24: 13.6 | G24: 16.9 | H24: 7.9 | I24: =(F24-E24)-'VA HoD Results'!P24 -> -0.65 | J24: =(H24-E24)-'VA HoD Results'!Y24 -> 1.37 | K24: =(H24-F24)-'VA HoD Results'!AB25 -> 2.02 | L24: =$F$5-'VA HoD Results'!$F$5 -> -14.21 | M24: =AVERAGE(I24:K24) -> 0.91333333 | N24: =L24+M24+F24 -> 0.30333333 | O24: 0.52 | P24: 0.408 | Q24: 0.009 | R24: 0.028 | S24: 0.211 | T24: 0.789
C25: HD-86 | D25: -0.6 | E25: -3.2 | F25: 8.9 | G25: 12.9 | H25: -1.6 | I25: =(F25-E25)-'VA HoD Results'!P25 -> 0.05 | J25: =(H25-E25)-'VA HoD Results'!Y25 -> -2.73 | K25: =(H25-F25)-'VA HoD Results'!AB14 -> -2.78 | L25: =$F$5-'VA HoD Results'!$F$5 -> -14.21 | M25: =AVERAGE(I25*0.4,J25,K25) -> -1.83 | N25: =L25+M25+F25 -> -7.14 | O25: 0.585 | P25: 0.234 | Q25: 0.043 | R25: 0.064 | S25: 0.363 | T25: 0.637
C26: HD-89 | D26: -5.5 | E26: -2.7 | F26: 7.4 | G26: 1.8 | H26: -3 | I26: =(F26-E26)-'VA HoD Results'!P26 -> -1.95 | J26: =(H26-E26)-'VA HoD Results'!Y26 -> -4.63 | K26: =(H26-F26)-'VA HoD Results'!AB13 -> -2.68 | L26: =$F$5-'VA HoD Results'!$F$5 -> -14.21 | M26: =AVERAGE(I26,J26,K26*0.7) -> -2.8186667 | N26: =L26+M26+F26 -> -9.6286667 | O26: 0.567 | P26: 0.282 | Q26: 0.029 | R26: 0.055 | S26: 0.368 | T26: 0.632
C27: HD-97 | D27: -9.3 | E27: -12.4 | F27: 2.1 | G27: -4.8 | H27: -7.8 | I27: =(F27-E27)-'VA HoD Results'!P27 -> 2.45 | J27: =(H27-E27)-'VA HoD Results'!Y27 -> 0.27 | K27: =(H27-F27)-'VA HoD Results'!AB9 -> -2.18 | L27: =$F$5-'VA HoD Results'!$F$5 -> -14.21 | M27: =AVERAGE(I27,J27,K27*0.4) -> 0.616 | N27: =L27+M27+F27 -> -11.494 | O27: 0.557 | P27: 0.198 | Q27: 0.072 | R27: 0.093 | S27: 0.347 | T27: 0.653
C28: HD-99 | D28: 5.7 | E28: 4.3 | F28: 17.8 | G28: 14.7 | H28: 4.8 | I28: =(F28-E28)-'VA HoD Results'!P28 -> 1.45 | J28: =(H28-E28)-'VA HoD Results'!Y28 -> -3.83 | K28: =(H28-F28)-'VA HoD Results'!AB22 -> -5.28 | L28: =$F$5-'VA HoD Results'!$F$5 -> -14.21 | M28: =AVERAGE(I28*0.4,J28,K28*0.4) -> -1.7873333 | N28: =L28+M28+F28 -> 1.8026667 | O28: 0.743 | P28: 0.094 | Q28: 0.032 | R28: 0.073 | S28: 0.534 | T28: 0.466

Sheet HoD Incumbency Calculator
N4: Incumbency Value Calculator
M5: - | N5: If GOP Incumbent in Trump won dist, add 3 points | O5: 3
C6: HoD Seat: | D6: Net Margin 2021: | E6: 2021 -> 2023 Swing: | F6: Predicted 2023 Margin: | G6: Net Margin 2023: | H6: Incumbency Value: | M6: - | N6: If GOP incumbent in Harris won dist, add 1.5 points | O6: 1.5
C7: HD-100 | D7: 16.6 | E7: -2.7 | F7: =D7+E7 -> 13.9 | G7: 19.4 | H7: =O5+O7+O14 -> 5.5 | M7: - | N7: Add 1 point if GOP outspending Dem | O7: 1
C8: HD-22 | D8: 5.7 | E8: -2.7 | F8: =D8+E8 -> 3 | G8: 4.6 | H8: =O6+O10+O15 -> 1.5 | M8: - | N8: If seat is OPEN Trump district, add 1.5 point | O8: 1.5
C9: HD-30 | D9: 13.5 | E9: -2.7 | F9: =D9+E9 -> 10.8 | G9: 6.4 | H9: =O5+O10+O12 -> 1.5 | M9: - | N9: If Dem incumbent in Harris won dist, subtract 2.5 points | O9: -2.5
C10: HD-34 | D10: 17.9 | E10: -2.7 | F10: =D10+E10 -> 15.2 | G10: 13.8 | H10: =O5+O10+O12 -> 1.5 | M10: - | N10: If Dem is outspending GOP, subtract 1 point | O10: -1
C11: HD-41 | D11: 11 | E11: -2.7 | F11: =D11+E11 -> 8.3 | G11: 0.7 | H11: =O5+O10+O12 -> 1.5 | M11: - | N11: If seat is OPEN Harris district, subtract 0.5 points | O11: -0.5
C12: HD-49 | D12: 19.5 | E12: -2.7 | F12: =D12+E12 -> 16.8 | G12: UO | H12: =O5+O7+O16 -> 6 | M12: - | N12: If 2023 actual margin is bluer than expected in a Trump district, subtract 0.5 points | O12: -0.5
C13: HD-52 | D13: 15.9 | E13: -2.7 | F13: =D13+E13 -> 13.2 | G13: 9 | H13: =O5+O7+O14 -> 5.5 | M13: - | N13: If 2023 actual margin is bluer than expected in a Harris district, subtract 1 point | O13: -1
C14: HD-57 | D14: 3.5 | E14: -2.7 | F14: =D14+E14 -> 0.8 | G14: 2 | H14: =O6+O10+O15 -> 1.5 | M14: - | N14: If 2023 actual margin is redder than it should be in a Trump district, add 1.5 points | O14: 1.5
C15: HD-64 | D15: 13.8 | E15: -2.7 | F15: =D15+E15 -> 11.1 | G15: 9 | H15: =O5+O10+O12 -> 1.5 | M15: - | N15: If 2023 actual margin is redder than expected in a Harris district, add 1 point | O15: 1
C16: HD-65 | D16: 2.8 | E16: -2.7 | F16: =D16+E16 -> 0.1 | G16: -6 | H16: =O9+O10+O13 -> -4.5 | M16: - | N16: If GOP unopposed in 2023, add 2 points | O16: 2
C17: HD-66 | D17: 12.6 | E17: -2.7 | F17: =D17+E17 -> 9.9 | G17: 11.5 | H17: =O5+O10+O14 -> 3.5 | M17: - | N17: If GOP'er has publicized scandal | O17: -2
C18: HD-69 | D18: 12.7 | E18: -2.7 | F18: =D18+E18 -> 10 | G18: UO | H18: =O5+O10+O16 -> 4
C19: HD-71 | D19: 7.4 | E19: -2.7 | F19: =D19+E19 -> 4.7 | G19: 1.9 | H19: =O6+O10+O13 -> -0.5
C20: HD-73 | D20: 15.2 | E20: -2.7 | F20: =D20+E20 -> 12.5 | G20: 9 | H20: =O6+O10+O13 -> -0.5
C21: HD-74 | D21: 22.8 | E21: -2.7 | F21: =D21+E21 -> 20.1 | G21: UO | H21: =O5+O7+O16 -> 6
C22: HD-75 | D22: 7.5 | E22: -2.7 | F22: =D22+E22 -> 4.8 | G22: 5.8 | H22: =O6+O10+O15 -> 1.5
C23: HD-82 | D23: 2.1 | E23: -2.7 | F23: =D23+E23 -> -0.6 | G23: 0.3 | H23: =O6+O10+O15 -> 1.5
C24: HD-83 | D24: 13.6 | E24: -2.7 | F24: =D24+E24 -> 10.9 | G24: 16.9 | H24: =O5+O7+O14 -> 5.5
C25: HD-86 | D25: 8.9 | E25: -2.7 | F25: =D25+E25 -> 6.2 | G25: 12.9 | H25: =O6+O10+O15+O17 -> -0.5
C26: HD-89 | D26: 7.4 | E26: -2.7 | F26: =D26+E26 -> 4.7 | G26: 1.8 | H26: =O11+O10 -> -1.5
C27: HD-97 | D27: 2.1 | E27: -2.7 | F27: =D27+E27 -> -0.6 | G27: -4.8 | H27: =O9+O10+O13 -> -4.5
C28: HD-99 | D28: 17.8 | E28: -2.7 | F28: =D28+E28 -> 15.1 | G28: 14.7 | H28: =O5+O7+O12 -> 3.5

Sheet Final Calculator
C6: HoD Seat: | D6: Top Ballot Proj. Margin | E6: Incumbency/Downballot Lag | F6: Net Margin 2020: | G6: Net Margin 2021: | H6: Net Margin 2024: | I6: 2025 Proj. Margin: | J6: % White: | K6: % Black: | L6: % Asian: | M6: % Hispanic: | N6: College Ed % | O6: HS Degree or less %:
C7: HD-65 | D7: ='HOD Swing Calculator ''21'!F16+'HOD Swing Calculator ''21'!L16+'HOD Swing Calculator ''21'!M16 -> -13.238333 | E7: -4.5 | F7: -11.7 | G7: 2.8 | H7: -9.5 | I7: =D7+E7 -> -17.738333 | J7: 0.587 | K7: 0.178 | L7: 0.039 | M7: 0.12 | N7: 0.421 | O7: 0.579
C8: HD-97 | D8: ='HOD Swing Calculator ''21'!F27+'HOD Swing Calculator ''21'!L27+'HOD Swing Calculator ''21'!M27 -> -11.494 | E8: -4.5 | F8: -12.4 | G8: 2.1 | H8: -7.8 | I8: =D8+E8 -> -15.994 | J8: 0.557 | K8: 0.198 | L8: 0.072 | M8: 0.093 | N8: 0.347 | O8: 0.653
C9: HD-57 | D9: ='HOD Swing Calculator ''21'!F14+'HOD Swing Calculator ''21'!L14+'HOD Swing Calculator ''21'!M14 -> -15.227333 | E9: 1.5 | F9: -5.4 | G9: 3.5 | H9: -9.4 | I9: =D9+E9 -> -13.727333 | J9: 0.613 | K9: 0.085 | L9: 0.204 | M9: 0.049 | N9: 0.668 | O9: 0.332
C10: HD-89 | D10: ='HOD Swing Calculator ''21'!F26+'HOD Swing Calculator ''21'!L26+'HOD Swing Calculator ''21'!M26 -> -9.6286667 | E10: -1.5 | F10: -2.7 | G10: 7.4 | H10: -3 | I10: =D10+E10 -> -11.128667 | J10: 0.567 | K10: 0.282 | L10: 0.029 | M10: 0.055 | N10: 0.368 | O10: 0.632
C11: HD-71 | D11: ='HOD Swing Calculator ''21'!F19+'HOD Swing Calculator ''21'!L19+'HOD Swing Calculator ''21'!M19 -> -9.914 | E11: -0.5 | F11: -3.2 | G11: 7.4 | H11: -4.9 | I11: =D11+E11 -> -10.414 | J11: 0.687 | K11: 0.169 | L11: 0.028 | M11: 0.059 | N11: 0.478 | O11: 0.522
C12: HD-82 | D12: ='HOD Swing Calculator ''21'!F23+'HOD Swing Calculator ''21'!L23+'HOD Swing Calculator ''21'!M23 -> -10.663333 | E12: 1.5 | F12: -10.7 | G12: 2.1 | H12: -4.2 | I12: =D12+E12 -> -9.1633333 | J12: 0.444 | K12: 0.453 | L12: 0.014 | M12: 0.049 | N12: 0.242 | O12: 0.758
C13: HD-75 | D13: ='HOD Swing Calculator ''21'!F22+'HOD Swing Calculator ''21'!L22+'HOD Swing Calculator ''21'!M22 -> -9.3206667 | E13: 1.5 | F13: -5.1 | G13: 7.5 | H13: -6.6 | I13: =D13+E13 -> -7.8206667 | J13: 0.475 | K13: 0.327 | L13: 0.028 | M13: 0.113 | N13: 0.261 | O13: 0.739
C14: HD-86 | D14: ='HOD Swing Calculator ''21'!F25+'HOD Swing Calculator ''21'!L25+'HOD Swing Calculator ''21'!M25 -> -7.14 | E14: -0.5 | F14: -3.2 | G14: 8.9 | H14: -1.6 | I14: =D14+E14 -> -7.64 | J14: 0.585 | K14: 0.234 | L14: 0.043 | M14: 0.064 | N14: 0.363 | O14: 0.637
C15: HD-22 | D15: ='HOD Swing Calculator ''21'!F8+'HOD Swing Calculator ''21'!L8+'HOD Swing Calculator ''21'!M8 -> -8.2633333 | E15: 1.5 | F15: -5.4 | G15: 5.7 | H15: -0.7 | I15: =D15+E15 -> -6.7633333 | J15: 0.58 | K15: 0.101 | L15: 0.109 | M15: 0.141 | N15: 0.53 | O15: 0.47
C16: HD-73 | D16: ='HOD Swing Calculator ''21'!F20+'HOD Swing Calculator ''21'!L20+'HOD Swing Calculator ''21'!M20 -> -5.3613333 | E16: -0.5 | F16: 7.1 | G16: 15.2 | H16: -1.1 | I16: =D16+E16 -> -5.8613333 | J16: 0.755 | K16: 0.093 | L16: 0.051 | M16: 0.05 | N16: 0.578 | O16: 0.422
C17: HD-41 | D17: ='HOD Swing Calculator ''21'!F11+'HOD Swing Calculator ''21'!L11+'HOD Swing Calculator ''21'!M11 -> -4.6966667 | E17: 1.5 | F17: 0.8 | G17: 11 | H17: 2.9 | I17: =D17+E17 -> -3.1966667 | J17: 0.788 | K17: 0.032 | L17: 0.093 | M17: 0.042 | N17: 0.48 | O17: 0.52
C18: HD-30 | D18: ='HOD Swing Calculator ''21'!F9+'HOD Swing Calculator ''21'!L9+'HOD Swing Calculator ''21'!M9 -> -2.8066667 | E18: 1.5 | F18: -0.6 | G18: 13.5 | H18: 1.2 | I18: =D18+E18 -> -1.3066667 | J18: 0.72 | K18: 0.044 | L18: 0.092 | M18: 0.083 | N18: 0.603 | O18: 0.397
C19: HD-64 | D19: ='HOD Swing Calculator ''21'!F15+'HOD Swing Calculator ''21'!L15+'HOD Swing Calculator ''21'!M15 -> -2.01 | E19: 1.5 | F19: 0.7 | G19: 13.8 | H19: 1.9 | I19: =D19+E19 -> -0.51 | J19: 0.559 | K19: 0.184 | L19: 0.038 | M19: 0.143 | N19: 0.445 | O19: 0.555
C20: HD-69 | D20: ='HOD Swing Calculator ''21'!F18+'HOD Swing Calculator ''21'!L18+'HOD Swing Calculator ''21'!M18 -> -3.9666667 | E20: 4 | F20: 1.8 | G20: 12.7 | H20: 1.6 | I20: =D20+E20 -> 0.033333333 | J20: 0.67 | K20: 0.15 | L20: 0.036 | M20: 0.08 | N20: 0.441 | O20: 0.559
C21: HD-66 | D21: ='HOD Swing Calculator ''21'!F17+'HOD Swing Calculator ''21'!L17+'HOD Swing Calculator ''21'!M17 -> -3.43 | E21: 3.5 | F21: 0.8 | G21: 12.6 | H21: 2.4 | I21: =D21+E21 -> 0.07 | J21: 0.589 | K21: 0.212 | L21: 0.026 | M21: 0.101 | N21: 0.321 | O21: 0.678
C22: HD-34 | D22: ='HOD Swing Calculator ''21'!F10+'HOD Swing Calculator ''21'!L10+'HOD Swing Calculator ''21'!M10 -> -0.58166667 | E22: 1.5 | F22: 4.2 | G22: 17.9 | H22: 6.5 | I22: =D22+E22 -> 0.91833333 | J22: 0.703 | K22: 0.054 | L22: 0.03 | M22: 0.173 | N22: 0.341 | O22: 0.659
C23: HD-100 | D23: ='HOD Swing Calculator ''21'!F7+'HOD Swing Calculator ''21'!L7+'HOD Swing Calculator ''21'!M7 -> -0.63 | E23: 5.5 | F23: 5.6 | G23: 16.6 | H23: 5.4 | I23: =D23+E23 -> 4.87 | J23: 0.634 | K23: 0.194 | L23: 0.031 | M23: 0.092 | N23: 0.352 | O23: 0.648
C24: HD-99 | D24: ='HOD Swing Calculator ''21'!F28+'HOD Swing Calculator ''21'!L28+'HOD Swing Calculator ''21'!M28 -> 1.8026667 | E24: 3.5 | F24: 4.3 | G24: 17.8 | H24: 4.8 | I24: =D24+E24 -> 5.3026667 | J24: 0.743 | K24: 0.094 | L24: 0.032 | M24: 0.073 | N24: 0.534 | O24: 0.466
C25: HD-83 | D25: ='HOD Swing Calculator ''21'!F24+'HOD Swing Calculator ''21'!L24+'HOD Swing Calculator ''21'!M24 -> 0.30333333 | E25: 5.5 | F25: 2.2 | G25: 13.6 | H25: 7.9 | I25: =D25+E25 -> 5.8033333 | J25: 0.52 | K25: 0.408 | L25: 0.009 | M25: 0.028 | N25: 0.211 | O25: 0.789
C26: HD-74 | D26: ='HOD Swing Calculator ''21'!F21+'HOD Swing Calculator ''21'!L21+'HOD Swing Calculator ''21'!M21 -> 3.726 | E26: 6 | F26: 13.3 | G26: 22.8 | H26: 8.3 | I26: =D26+E26 -> 9.726 | J26: 0.599 | K26: 0.258 | L26: 0.022 | M26: 0.064 | N26: 0.464 | O26: 0.636
C27: HD-52 | D27: ='HOD Swing Calculator ''21'!F13+'HOD Swing Calculator ''21'!L13+'HOD Swing Calculator ''21'!M13 -> 5.07 | E27: 5.5 | F27: 2.3 | G27: 15.9 | H27: 11.7 | I27: =D27+E27 -> 10.57 | J27: 0.619 | K27: 0.253 | L27: 0.022 | M27: 0.05 | N27: 0.38 | O27: 0.62
C28: HD-49 | D28: ='HOD Swing Calculator ''21'!F12+'HOD Swing Calculator ''21'!L12+'HOD Swing Calculator ''21'!M12 -> 5.525 | E28: 6 | F28: 3.5 | G28: 19.5 | H28: 8.3 | I28: =D28+E28 -> 11.525 | J28: 0.522 | K28: 0.399 | L28: 0.01 | M28: 0.038 | N28: 0.185 | O28: 0.815

Sheet Bibliography
C3: URL to Bibliography Document:
C4: https://docs.google.com/document/d/1rLhHTX4Qoo3SvybWjfL-xlZd8-KoXo5vXZVrziZWaBI/edit?usp=sharing

Sheet $Divider Sheet$
B2: This sheet serves to work as a visual divider. The next two sheets were just experimental, were not used in methodology for final calculations

Sheet HOD Swing Calculator '24
F4: 2025 VA Gov Prediction:
F5: -12.27 | N5: *This is just additional data, was not used in final calculations
C6: HoD Seat: | D6: Net Margin 2017: | E6: Net Margin 2020: | F6: Net Margin 2021: | G6: Net Margin 2023: | H6: Net Margin 2024: | I6: 20 -> '21 Comp. Swing | J6: 20 -> '24 Comp Swing | K6: 21 -> '24 Comp Swing | L6: 24 -> '25 VA Env. Swing | M6: 24 -> '25 Comp Swing | N6: Anticipated 2025 Top Ballot Result (No Incumbency Added): | O6: % White: | P6: % Black: | Q6: % Asian: | R6: % Hispanic: | S6: College Ed % | T6: HS Degree or less %:
C7: HD-100 | D7: 2.6 | E7: 5.6 | F7: 16.6 | G7: 19.4 | H7: 5.4 | I7: =(F7-E7)-'VA HoD Results'!P7 -> -1.05 | J7: =(H7-E7)-'VA HoD Results'!Y7 -> -4.53 | K7: =(H7-F7)-'VA HoD Results'!AB23 -> -3.48 | L7: ='HOD Swing Calculator ''24'!$F$5-'VA HoD Results'!$H$5 -> -6.49 | M7: =AVERAGE(I7:K7) -> -3.02 | N7: =L7+M7+H7 -> -4.11 | O7: 0.634 | P7: 0.194 | Q7: 0.031 | R7: 0.092 | S7: 0.352 | T7: 0.648
C8: HD-22 | D8: 0.6 | E8: -5.4 | F8: 5.7 | G8: 4.6 | H8: -0.7 | I8: =(F8-E8)-'VA HoD Results'!P8 -> -0.95 | J8: =(H8-E8)-'VA HoD Results'!Y8 -> 0.37 | K8: =(H8-F8)-'VA HoD Results'!AB16 -> 1.32 | L8: ='HOD Swing Calculator ''24'!$F$5-'VA HoD Results'!$H$5 -> -6.49 | M8: =AVERAGE(I8:K8) -> 0.24666667 | N8: =L8+M8+H8 -> -6.9433333 | O8: 0.58 | P8: 0.101 | Q8: 0.109 | R8: 0.141 | S8: 0.53 | T8: 0.47
C9: HD-30 | D9: 4 | E9: -0.6 | F9: 13.5 | G9: 6.4 | H9: 1.2 | I9: =(F9-E9)-'VA HoD Results'!P9 -> 2.05 | J9: =(H9-E9)-'VA HoD Results'!Y9 -> -2.53 | K9: =(H9-F9)-'VA HoD Results'!AB17 -> -4.58 | L9: ='HOD Swing Calculator ''24'!$F$5-'VA HoD Results'!$H$5 -> -6.49 | M9: =AVERAGE(I9*0.4, J9:K9) -> -2.0966667 | N9: =L9+M9+H9 -> -7.3866667 | O9: 0.72 | P9: 0.044 | Q9: 0.092 | R9: 0.083 | S9: 0.603 | T9: 0.397
C10: HD-34 | D10: 5.5 | E10: 4.2 | F10: 17.9 | G10: 13.8 | H10: 6.5 | I10: =(F10-E10)-'VA HoD Results'!P10 -> 1.65 | J10: =(H10-E10)-'VA HoD Results'!Y10 -> -2.03 | K10: =(H10-F10)-'VA HoD Results'!AB24 -> -3.68 | L10: ='HOD Swing Calculator ''24'!$F$5-'VA HoD Results'!$H$5 -> -6.49 | M10: =AVERAGE(J10:K10,L10*0.5) -> -2.985 | N10: =L10+M10+H10 -> -2.975 | O10: 0.703 | P10: 0.054 | Q10: 0.03 | R10: 0.173 | S10: 0.341 | T10: 0.659
C11: HD-41 | D11: -3.8 | E11: 0.8 | F11: 11 | G11: 0.7 | H11: 2.9 | I11: =(F11-E11)-'VA HoD Results'!P11 -> -1.85 | J11: =(H11-E11)-'VA HoD Results'!Y11 -> -2.23 | K11: =(H11-F11)-'VA HoD Results'!AB21 -> -0.38 | L11: ='HOD Swing Calculator ''24'!$F$5-'VA HoD Results'!$H$5 -> -6.49 | M11: =AVERAGE(I11:K11) -> -1.4866667 | N11: =L11+M11+H11 -> -5.0766667 | O11: 0.788 | P11: 0.032 | Q11: 0.093 | R11: 0.042 | S11: 0.48 | T11: 0.52
C12: HD-49 | D12: 10.3 | E12: 3.5 | F12: 19.5 | G12: UO | H12: 8.3 | I12: =(F12-E12)-'VA HoD Results'!P12 -> 3.95 | J12: =(H12-E12)-'VA HoD Results'!Y12 -> 0.47 | K12: =(H12-F12)-'VA HoD Results'!AB26 -> -3.48 | L12: ='HOD Swing Calculator ''24'!$F$5-'VA HoD Results'!$H$5 -> -6.49 | M12: =AVERAGE(I12*0.5,J12,K12*0.5) -> 0.235 | N12: =L12+M12+H12 -> 2.045 | O12: 0.522 | P12: 0.399 | Q12: 0.01 | R12: 0.038 | S12: 0.185 | T12: 0.815
C13: HD-52 | D13: 9.1 | E13: 2.3 | F13: 15.9 | G13: 9 | H13: 11.7 | I13: =(F13-E13)-'VA HoD Results'!P13 -> 1.55 | J13: =(H13-E13)-'VA HoD Results'!Y13 -> 5.07 | K13: =(H13-F13)-'VA HoD Results'!AB28 -> 3.52 | L13: ='HOD Swing Calculator ''24'!$F$5-'VA HoD Results'!$H$5 -> -6.49 | M13: =AVERAGE(I13:K13) -> 3.38 | N13: =L13+M13+H13 -> 8.59 | O13: 0.619 | P13: 0.253 | Q13: 0.022 | R13: 0.05 | S13: 0.38 | T13: 0.62
C14: HD-57 | D14: 1.3 | E14: -5.4 | F14: 3.5 | G14: 2 | H14: -9.4 | I14: =(F14-E14)-'VA HoD Results'!P14 -> -3.15 | J14: =(H14-E14)-'VA HoD Results'!Y14 -> -8.33 | K14: =(H14-F14)-'VA HoD Results'!AB8 -> -5.18 | L14: ='HOD Swing Calculator ''24'!$F$5-'VA HoD Results'!$H$5 -> -6.49 | M14: =AVERAGE(I14,J14,K14*0.4) -> -4.5173333 | N14: =L14+M14+H14 -> -20.407333 | O14: 0.613 | P14: 0.085 | Q14: 0.204 | R14: 0.049 | S14: 0.668 | T14: 0.332
C15: HD-64 | D15: 8.8 | E15: 0.7 | F15: 13.8 | G15: 9 | H15: 1.9 | I15: =(F15-E15)-'VA HoD Results'!P15 -> 1.05 | J15: =(H15-E15)-'VA HoD Results'!Y15 -> -3.13 | K15: =(H15-F15)-'VA HoD Results'!AB19 -> -4.18 | L15: ='HOD Swing Calculator ''24'!$F$5-'VA HoD Results'!$H$5 -> -6.49 | M15: =AVERAGE(I15*0.4,J15,K15*0.5) -> -1.6 | N15: =L15+M15+H15 -> -6.19 | O15: 0.559 | P15: 0.184 | Q15: 0.038 | R15: 0.143 | S15: 0.445 | T15: 0.555
C16: HD-65 | D16: -4.4 | E16: -11.7 | F16: 2.8 | G16: -6 | H16: -9.5 | I16: =(F16-E16)-'VA HoD Results'!P16 -> 2.45 | J16: =(H16-E16)-'VA HoD Results'!Y16 -> -2.13 | K16: =(H16-F16)-'VA HoD Results'!AB7 -> -4.58 | L16: ='HOD Swing Calculator ''24'!$F$5-'VA HoD Results'!$H$5 -> -6.49 | M16: =AVERAGE(0.5*I16,J16:K16) -> -1.8283333 | N16: =L16+M16+H16 -> -17.818333 | O16: 0.587 | P16: 0.178 | Q16: 0.039 | R16: 0.12 | S16: 0.421 | T16: 0.579
C17: HD-66 | D17: 2.5 | E17: 0.8 | F17: 12.6 | G17: 11.5 | H17: 2.4 | I17: =(F17-E17)-'VA HoD Results'!P17 -> -0.25 | J17: =(H17-E17)-'VA HoD Results'!Y17 -> -2.73 | K17: =(H17-F17)-'VA HoD Results'!AB20 -> -2.48 | L17: ='HOD Swing Calculator ''24'!$F$5-'VA HoD Results'!$H$5 -> -6.49 | M17: =AVERAGE(I17,J17,K17) -> -1.82 | N17: =L17+M17+H17 -> -5.91 | O17: 0.589 | P17: 0.212 | Q17: 0.026 | R17: 0.101 | S17: 0.321 | T17: 0.678
C18: HD-69 | D18: 5 | E18: 1.8 | F18: 12.7 | G18: UO | H18: 1.6 | I18: =(F18-E18)-'VA HoD Results'!P18 -> -1.15 | J18: =(H18-E18)-'VA HoD Results'!Y18 -> -4.53 | K18: =(H18-F18)-'VA HoD Results'!AB18 -> -3.38 | L18: ='HOD Swing Calculator ''24'!$F$5-'VA HoD Results'!$H$5 -> -6.49 | M18: =AVERAGE(I18,J18,K18*0.5) -> -2.4566667 | N18: =L18+M18+H18 -> -7.3466667 | O18: 0.67 | P18: 0.15 | Q18: 0.036 | R18: 0.08 | S18: 0.441 | T18: 0.559
C19: HD-71 | D19: -0.8 | E19: -3.2 | F19: 7.4 | G19: 1.9 | H19: -4.9 | I19: =(F19-E19)-'VA HoD Results'!P19 -> -1.45 | J19: =(H19-E19)-'VA HoD Results'!Y19 -> -6.03 | K19: =(H19-F19)-'VA HoD Results'!AB11 -> -4.58 | L19: ='HOD Swing Calculator ''24'!$F$5-'VA HoD Results'!$H$5 -> -6.49 | M19: =AVERAGE(I19,J19,K19*0.4) -> -3.104 | N19: =L19+M19+H19 -> -14.494 | O19: 0.687 | P19: 0.169 | Q19: 0.028 | R19: 0.059 | S19: 0.478 | T19: 0.522
C20: HD-73 | D20: 9.7 | E20: 7.1 | F20: 15.2 | G20: 9 | H20: -1.1 | I20: =(F20-E20)-'VA HoD Results'!P20 -> -3.95 | J20: =(H20-E20)-'VA HoD Results'!Y20 -> -12.53 | K20: =(H20-F20)-'VA HoD Results'!AB15 -> -8.58 | L20: ='HOD Swing Calculator ''24'!$F$5-'VA HoD Results'!$H$5 -> -6.49 | M20: =AVERAGE(I20,J20,0.3*K20) -> -6.3513333 | N20: =L20+M20+H20 -> -13.941333 | O20: 0.755 | P20: 0.093 | Q20: 0.051 | R20: 0.05 | S20: 0.578 | T20: 0.422
C21: HD-74 | D21: 15.4 | E21: 13.3 | F21: 22.8 | G21: UO | H21: 8.3 | I21: =(F21-E21)-'VA HoD Results'!P21 -> -2.55 | J21: =(H21-E21)-'VA HoD Results'!Y21 -> -9.33 | K21: =(H21-F21)-'VA HoD Results'!AB27 -> -6.78 | L21: ='HOD Swing Calculator ''24'!$F$5-'VA HoD Results'!$H$5 -> -6.49 | M21: =AVERAGE(I21,J21,K21*0.4) -> -4.864 | N21: =L21+M21+H21 -> -3.054 | O21: 0.599 | P21: 0.258 | Q21: 0.022 | R21: 0.064 | S21: 0.464 | T21: 0.636
C22: HD-75 | D22: 3 | E22: -5.1 | F22: 7.5 | G22: 5.8 | H22: -6.6 | I22: =(F22-E22)-'VA HoD Results'!P22 -> 0.55 | J22: =(H22-E22)-'VA HoD Results'!Y22 -> -5.83 | K22: =(H22-F22)-'VA HoD Results'!AB10 -> -6.38 | L22: ='HOD Swing Calculator ''24'!$F$5-'VA HoD Results'!$H$5 -> -6.49 | M22: =AVERAGE(I22,J22,K22*0.4) -> -2.6106667 | N22: =L22+M22+H22 -> -15.700667 | O22: 0.475 | P22: 0.327 | Q22: 0.028 | R22: 0.113 | S22: 0.261 | T22: 0.739
C23: HD-82 | D23: -12.9 | E23: -10.7 | F23: 2.1 | G23: 0.3 | H23: -4.2 | I23: =(F23-E23)-'VA HoD Results'!P23 -> 0.75 | J23: =(H23-E23)-'VA HoD Results'!Y23 -> 2.17 | K23: =(H23-F23)-'VA HoD Results'!AB12 -> 1.42 | L23: ='HOD Swing Calculator ''24'!$F$5-'VA HoD Results'!$H$5 -> -6.49 | M23: =AVERAGE(I23,J23,K23) -> 1.4466667 | N23: =L23+M23+H23 -> -9.2433333 | O23: 0.444 | P23: 0.453 | Q23: 0.014 | R23: 0.049 | S23: 0.242 | T23: 0.758
C24: HD-83 | D24: 1.5 | E24: 2.2 | F24: 13.6 | G24: 16.9 | H24: 7.9 | I24: =(F24-E24)-'VA HoD Results'!P24 -> -0.65 | J24: =(H24-E24)-'VA HoD Results'!Y24 -> 1.37 | K24: =(H24-F24)-'VA HoD Results'!AB25 -> 2.02 | L24: ='HOD Swing Calculator ''24'!$F$5-'VA HoD Results'!$H$5 -> -6.49 | M24: =AVERAGE(I24:K24) -> 0.91333333 | N24: =L24+M24+H24 -> 2.3233333 | O24: 0.52 | P24: 0.408 | Q24: 0.009 | R24: 0.028 | S24: 0.211 | T24: 0.789
C25: HD-86 | D25: -0.6 | E25: -3.2 | F25: 8.9 | G25: 12.9 | H25: -1.6 | I25: =(F25-E25)-'VA HoD Results'!P25 -> 0.05 | J25: =(H25-E25)-'VA HoD Results'!Y25 -> -2.73 | K25: =(H25-F25)-'VA HoD Results'!AB14 -> -2.78 | L25: ='HOD Swing Calculator ''24'!$F$5-'VA HoD Results'!$H$5 -> -6.49 | M25: =AVERAGE(I25*0.4,J25,K25) -> -1.83 | N25: =L25+M25+H25 -> -9.92 | O25: 0.585 | P25: 0.234 | Q25: 0.043 | R25: 0.064 | S25: 0.363 | T25: 0.637
C26: HD-89 | D26: -5.5 | E26: -2.7 | F26: 7.4 | G26: 1.8 | H26: -3 | I26: =(F26-E26)-'VA HoD Results'!P26 -> -1.95 | J26: =(H26-E26)-'VA HoD Results'!Y26 -> -4.63 | K26: =(H26-F26)-'VA HoD Results'!AB13 -> -2.68 | L26: ='HOD Swing Calculator ''24'!$F$5-'VA HoD Results'!$H$5 -> -6.49 | M26: =AVERAGE(I26,J26,K26*0.7) -> -2.8186667 | N26: =L26+M26+H26 -> -12.308667 | O26: 0.567 | P26: 0.282 | Q26: 0.029 | R26: 0.055 | S26: 0.368 | T26: 0.632
C27: HD-97 | D27: -9.3 | E27: -12.4 | F27: 2.1 | G27: -4.8 | H27: -7.8 | I27: =(F27-E27)-'VA HoD Results'!P27 -> 2.45 | J27: =(H27-E27)-'VA HoD Results'!Y27 -> 0.27 | K27: =(H27-F27)-'VA HoD Results'!AB9 -> -2.18 | L27: ='HOD Swing Calculator ''24'!$F$5-'VA HoD Results'!$H$5 -> -6.49 | M27: =AVERAGE(I27,J27,K27*0.4) -> 0.616 | N27: =L27+M27+H27 -> -13.674 | O27: 0.557 | P27: 0.198 | Q27: 0.072 | R27: 0.093 | S27: 0.347 | T27: 0.653
C28: HD-99 | D28: 5.7 | E28: 4.3 | F28: 17.8 | G28: 14.7 | H28: 4.8 | I28: =(F28-E28)-'VA HoD Results'!P28 -> 1.45 | J28: =(H28-E28)-'VA HoD Results'!Y28 -> -3.83 | K28: =(H28-F28)-'VA HoD Results'!AB22 -> -5.28 | L28: ='HOD Swing Calculator ''24'!$F$5-'VA HoD Results'!$H$5 -> -6.49 | M28: =AVERAGE(I28*0.4,J28,K28*0.4) -> -1.7873333 | N28: =L28+M28+H28 -> -3.4773333 | O28: 0.743 | P28: 0.094 | Q28: 0.032 | R28: 0.073 | S28: 0.534 | T28: 0.466

Sheet VA HoD Average Swing
I3: ASA = Average Swing All | J3: ASVA = Avg. Swing VA
F4: 2025 VA Gov Prediction:
F5: -12
C6: HoD Seat: | D6: Average Env. Swing Compared to Env. (ALL) | E6: Average Env. Swing Compared to Env. (VA Elec. Yrs) | F6: Relevant Predicted Statewide Swing ('21 -> '25): | G6: End Result Swing (Avg. Swing All): | H6: End Result Swing (Avg Swing VA Elect Yrs): | I6: Election Result ASA: | J6: Election Result ASVA:
C7: HD-57 | D7: =AVERAGE('VA HoD Results'!K14, 'VA HoD Results'!N14, 'VA HoD Results'!Q14, 'VA HoD Results'!T14, 'VA HoD Results'!W14, 'VA HoD Results'!Z14) -> -5.1416667 | E7: =AVERAGE('VA HoD Results'!N14, 'VA HoD Average Swing'!T14) -> -8.67 | F7: =$F$5-'VA HoD Results'!$F$5 -> -13.94 | G7: =F7+D7 -> -19.081667 | H7: =F7+E7 -> -22.61 | I7: ='VA HoD Results'!F14+G7 -> -15.581667 | J7: ='VA HoD Results'!F14+'VA HoD Average Swing'!H14 -> -8.41
C8: HD-65 | D8: =AVERAGE('VA HoD Results'!K16, 'VA HoD Results'!N16, 'VA HoD Results'!Q16, 'VA HoD Results'!T16, 'VA HoD Results'!W16, 'VA HoD Results'!Z16) -> -2.3416667 | E8: =AVERAGE('VA HoD Results'!N16, 'VA HoD Average Swing'!T16) -> -3.67 | F8: =$F$5-'VA HoD Results'!$F$5 -> -13.94 | G8: =F8+D8 -> -16.281667 | H8: =F8+E8 -> -17.61 | I8: ='VA HoD Results'!F16+G8 -> -13.481667 | J8: ='VA HoD Results'!F16+'VA HoD Average Swing'!H16 -> -16.51
C9: HD-97 | D9: =AVERAGE('VA HoD Results'!K27, 'VA HoD Results'!N27, 'VA HoD Results'!Q27, 'VA HoD Results'!T27, 'VA HoD Results'!W27, 'VA HoD Results'!Z27) -> -0.14166667 | E9: =AVERAGE('VA HoD Results'!N27, 'VA HoD Average Swing'!T27) -> 0.53 | F9: =$F$5-'VA HoD Results'!$F$5 -> -13.94 | G9: =F9+D9 -> -14.081667 | H9: =F9+E9 -> -13.41 | I9: ='VA HoD Results'!F27+G9 -> -11.981667 | J9: ='VA HoD Results'!F27+'VA HoD Average Swing'!H27 -> -15.31
C10: HD-75 | D10: =AVERAGE('VA HoD Results'!K22, 'VA HoD Results'!N22, 'VA HoD Results'!Q22, 'VA HoD Results'!T22, 'VA HoD Results'!W22, 'VA HoD Results'!Z22) -> -4.1583333 | E10: =AVERAGE('VA HoD Results'!N22, 'VA HoD Average Swing'!T22) -> -6.37 | F10: =$F$5-'VA HoD Results'!$F$5 -> -13.94 | G10: =F10+D10 -> -18.098333 | H10: =F10+E10 -> -20.31 | I10: ='VA HoD Results'!F22+G10 -> -10.598333 | J10: ='VA HoD Results'!F22+'VA HoD Average Swing'!H22 -> -5.21
C11: HD-22 | D11: =AVERAGE('VA HoD Results'!K8, 'VA HoD Results'!N8, 'VA HoD Results'!Q8, 'VA HoD Results'!T8, 'VA HoD Results'!W8, 'VA HoD Results'!Z8) -> -1.6416667 | E11: =AVERAGE('VA HoD Results'!N8, 'VA HoD Average Swing'!T8) -> -5.77 | F11: =$F$5-'VA HoD Results'!$F$5 -> -13.94 | G11: =F11+D11 -> -15.581667 | H11: =F11+E11 -> -19.71 | I11: ='VA HoD Results'!F8+G11 -> -9.8816667 | J11: ='VA HoD Results'!F8+'VA HoD Average Swing'!H8 -> -11.91
C12: HD-82 | D12: =AVERAGE('VA HoD Results'!K23, 'VA HoD Results'!N23, 'VA HoD Results'!Q23, 'VA HoD Results'!T23, 'VA HoD Results'!W23, 'VA HoD Results'!Z23) -> 1.975 | E12: =AVERAGE('VA HoD Results'!N23, 'VA HoD Average Swing'!T23) -> 4.13 | F12: =$F$5-'VA HoD Results'!$F$5 -> -13.94 | G12: =F12+D12 -> -11.965 | H12: =F12+E12 -> -9.81 | I12: ='VA HoD Results'!F23+G12 -> -9.865 | J12: ='VA HoD Results'!F23+'VA HoD Average Swing'!H23 -> -15.91
C13: HD-71 | D13: =AVERAGE('VA HoD Results'!K19, 'VA HoD Results'!N19, 'VA HoD Results'!Q19, 'VA HoD Results'!T19, 'VA HoD Results'!W19, 'VA HoD Results'!Z19) -> -2.6583333 | E13: =AVERAGE('VA HoD Results'!N19, 'VA HoD Average Swing'!T19) -> -2.67 | F13: =$F$5-'VA HoD Results'!$F$5 -> -13.94 | G13: =F13+D13 -> -16.598333 | H13: =F13+E13 -> -16.61 | I13: ='VA HoD Results'!F19+G13 -> -9.1983333 | J13: ='VA HoD Results'!F19+'VA HoD Average Swing'!H19 -> -7.31
C14: HD-89 | D14: =AVERAGE('VA HoD Results'!K26, 'VA HoD Results'!N26, 'VA HoD Results'!Q26, 'VA HoD Results'!T26, 'VA HoD Results'!W26, 'VA HoD Results'!Z26) -> -0.54166667 | E14: =AVERAGE('VA HoD Results'!N26, 'VA HoD Average Swing'!T26) -> 2.03 | F14: =$F$5-'VA HoD Results'!$F$5 -> -13.94 | G14: =F14+D14 -> -14.481667 | H14: =F14+E14 -> -11.91 | I14: ='VA HoD Results'!F26+G14 -> -7.0816667 | J14: ='VA HoD Results'!F26+'VA HoD Average Swing'!H26 -> -5.01
C15: HD-86 | D15: =AVERAGE('VA HoD Results'!K25, 'VA HoD Results'!N25, 'VA HoD Results'!Q25, 'VA HoD Results'!T25, 'VA HoD Results'!W25, 'VA HoD Results'!Z25) -> -1.375 | E15: =AVERAGE('VA HoD Results'!N25, 'VA HoD Average Swing'!T25) -> -1.37 | F15: =$F$5-'VA HoD Results'!$F$5 -> -13.94 | G15: =F15+D15 -> -15.315 | H15: =F15+E15 -> -15.31 | I15: ='VA HoD Results'!F25+G15 -> -6.415 | J15: ='VA HoD Results'!F25+'VA HoD Average Swing'!H25 -> -3.81
C16: HD-73 | D16: =AVERAGE('VA HoD Results'!K20, 'VA HoD Results'!N20, 'VA HoD Results'!Q20, 'VA HoD Results'!T20, 'VA HoD Results'!W20, 'VA HoD Results'!Z20) -> -5.3083333 | E16: =AVERAGE('VA HoD Results'!N20, 'VA HoD Average Swing'!T20) -> -5.37 | F16: =$F$5-'VA HoD Results'!$F$5 -> -13.94 | G16: =F16+D16 -> -19.248333 | H16: =F16+E16 -> -19.31 | I16: ='VA HoD Results'!F20+G16 -> -4.0483333 | J16: ='VA HoD Results'!F20+'VA HoD Average Swing'!H20 -> -0.11
C17: HD-69 | D17: =AVERAGE('VA HoD Results'!K18, 'VA HoD Results'!N18, 'VA HoD Results'!Q18, 'VA HoD Results'!T18, 'VA HoD Results'!W18, 'VA HoD Results'!Z18) -> -2.7175 | E17: =AVERAGE('VA HoD Results'!N18, 'VA HoD Average Swing'!T18) -> -3.17 | F17: =$F$5-'VA HoD Results'!$F$5 -> -13.94 | G17: =F17+D17 -> -16.6575 | H17: =F17+E17 -> -17.11 | I17: ='VA HoD Results'!F18+G17 -> -3.9575 | J17: ='VA HoD Results'!F18+'VA HoD Average Swing'!H18 -> -7.11
C18: HD-64 | D18: =AVERAGE('VA HoD Results'!K15, 'VA HoD Results'!N15, 'VA HoD Results'!Q15, 'VA HoD Results'!T15, 'VA HoD Results'!W15, 'VA HoD Results'!Z15) -> -3.175 | E18: =AVERAGE('VA HoD Results'!N15, 'VA HoD Average Swing'!T15) -> -5.87 | F18: =$F$5-'VA HoD Results'!$F$5 -> -13.94 | G18: =F18+D18 -> -17.115 | H18: =F18+E18 -> -19.81 | I18: ='VA HoD Results'!F15+G18 -> -3.315 | J18: ='VA HoD Results'!F15+'VA HoD Average Swing'!H15 -> -1.51
C19: HD-66 | D19: =AVERAGE('VA HoD Results'!K17, 'VA HoD Results'!N17, 'VA HoD Results'!Q17, 'VA HoD Results'!T17, 'VA HoD Results'!W17, 'VA HoD Results'!Z17) -> -1.125 | E19: =AVERAGE('VA HoD Results'!N17, 'VA HoD Average Swing'!T17) -> -0.77 | F19: =$F$5-'VA HoD Results'!$F$5 -> -13.94 | G19: =F19+D19 -> -15.065 | H19: =F19+E19 -> -14.71 | I19: ='VA HoD Results'!F17+G19 -> -2.465 | J19: ='VA HoD Results'!F17+'VA HoD Average Swing'!H17 -> -4.51
C20: HD-30 | D20: =AVERAGE('VA HoD Results'!K9, 'VA HoD Results'!N9, 'VA HoD Results'!Q9, 'VA HoD Results'!T9, 'VA HoD Results'!W9, 'VA HoD Results'!Z9) -> -1.6416667 | E20: =AVERAGE('VA HoD Results'!N9, 'VA HoD Average Swing'!T9) -> -1.37 | F20: =$F$5-'VA HoD Results'!$F$5 -> -13.94 | G20: =F20+D20 -> -15.581667 | H20: =F20+E20 -> -15.31 | I20: ='VA HoD Results'!F9+G20 -> -2.0816667 | J20: ='VA HoD Results'!F9+'VA HoD Average Swing'!H9 -> 0.09
C21: HD-41 | D21: =AVERAGE('VA HoD Results'!K11, 'VA HoD Results'!N11, 'VA HoD Results'!Q11, 'VA HoD Results'!T11, 'VA HoD Results'!W11, 'VA HoD Results'!Z11) -> 0.875 | E21: =AVERAGE('VA HoD Results'!N11, 'VA HoD Average Swing'!T11) -> 3.93 | F21: =$F$5-'VA HoD Results'!$F$5 -> -13.94 | G21: =F21+D21 -> -13.065 | H21: =F21+E21 -> -10.01 | I21: ='VA HoD Results'!F11+G21 -> -2.065 | J21: ='VA HoD Results'!F11+'VA HoD Average Swing'!H11 -> -8.71
C22: HD-83 | D22: =AVERAGE('VA HoD Results'!K24, 'VA HoD Results'!N24, 'VA HoD Results'!Q24, 'VA HoD Results'!T24, 'VA HoD Results'!W24, 'VA HoD Results'!Z24) -> 0.975 | E22: =AVERAGE('VA HoD Results'!N24, 'VA HoD Average Swing'!T24) -> 1.23 | F22: =$F$5-'VA HoD Results'!$F$5 -> -13.94 | G22: =F22+D22 -> -12.965 | H22: =F22+E22 -> -12.71 | I22: ='VA HoD Results'!F24+G22 -> 0.635 | J22: ='VA HoD Results'!F24+'VA HoD Average Swing'!H24 -> 2.79
C23: HD-52 | D23: =AVERAGE('VA HoD Results'!K13, 'VA HoD Results'!N13, 'VA HoD Results'!Q13, 'VA HoD Results'!T13, 'VA HoD Results'!W13, 'VA HoD Results'!Z13) -> 0.075 | E23: =AVERAGE('VA HoD Results'!N13, 'VA HoD Average Swing'!T13) -> -4.07 | F23: =$F$5-'VA HoD Results'!$F$5 -> -13.94 | G23: =F23+D23 -> -13.865 | H23: =F23+E23 -> -18.01 | I23: ='VA HoD Results'!F13+G23 -> 2.035 | J23: ='VA HoD Results'!F13+'VA HoD Average Swing'!H13 -> -0.71
C24: HD-100 | D24: =AVERAGE('VA HoD Results'!K7, 'VA HoD Results'!N7, 'VA HoD Results'!Q7, 'VA HoD Results'!T7, 'VA HoD Results'!W7, 'VA HoD Results'!Z7) -> -0.29166667 | E24: =AVERAGE('VA HoD Results'!N7, 'VA HoD Average Swing'!T7) -> 3.13 | F24: =$F$5-'VA HoD Results'!$F$5 -> -13.94 | G24: =F24+D24 -> -14.231667 | H24: =F24+E24 -> -10.81 | I24: ='VA HoD Results'!F7+G24 -> 2.3683333 | J24: ='VA HoD Results'!F7+'VA HoD Average Swing'!H7 -> -6.01
C25: HD-99 | D25: =AVERAGE('VA HoD Results'!K28, 'VA HoD Results'!N28, 'VA HoD Results'!Q28, 'VA HoD Results'!T28, 'VA HoD Results'!W28, 'VA HoD Results'!Z28) -> -1.1083333 | E25: =AVERAGE('VA HoD Results'!N28, 'VA HoD Average Swing'!T28) -> 1.23 | F25: =$F$5-'VA HoD Results'!$F$5 -> -13.94 | G25: =F25+D25 -> -15.048333 | H25: =F25+E25 -> -12.71 | I25: ='VA HoD Results'!F28+G25 -> 2.7516667 | J25: ='VA HoD Results'!F28+'VA HoD Average Swing'!H28 -> 2.19
C26: HD-34 | D26: =AVERAGE('VA HoD Results'!K10, 'VA HoD Results'!N10, 'VA HoD Results'!Q10, 'VA HoD Results'!T10, 'VA HoD Results'!W10, 'VA HoD Results'!Z10) -> -0.44166667 | E26: =AVERAGE('VA HoD Results'!N10, 'VA HoD Average Swing'!T10) -> 1.53 | F26: =$F$5-'VA HoD Results'!$F$5 -> -13.94 | G26: =F26+D26 -> -14.381667 | H26: =F26+E26 -> -12.41 | I26: ='VA HoD Results'!F10+G26 -> 3.5183333 | J26: ='VA HoD Results'!F10+'VA HoD Average Swing'!H10 -> -2.41
C27: HD-74 | D27: =AVERAGE('VA HoD Results'!K21, 'VA HoD Results'!N21, 'VA HoD Results'!Q21, 'VA HoD Results'!T21, 'VA HoD Results'!W21, 'VA HoD Results'!Z21) -> -4.0675 | E27: =AVERAGE('VA HoD Results'!N21, 'VA HoD Average Swing'!T21) -> -3.47 | F27: =$F$5-'VA HoD Results'!$F$5 -> -13.94 | G27: =F27+D27 -> -18.0075 | H27: =F27+E27 -> -17.41 | I27: ='VA HoD Results'!F21+G27 -> 4.7925 | J27: ='VA HoD Results'!F21+'VA HoD Average Swing'!H21 -> 12.79
C28: HD-49 | D28: =AVERAGE('VA HoD Results'!K12, 'VA HoD Results'!N12, 'VA HoD Results'!Q12, 'VA HoD Results'!T12, 'VA HoD Results'!W12, 'VA HoD Results'!Z12) -> -0.7175 | E28: =AVERAGE('VA HoD Results'!N12, 'VA HoD Average Swing'!T12) -> -1.67 | F28: =$F$5-'VA HoD Results'!$F$5 -> -13.94 | G28: =F28+D28 -> -14.6575 | H28: =F28+E28 -> -15.61 | I28: ='VA HoD Results'!F12+G28 -> 4.8425 | J28: ='VA HoD Results'!F12+'VA HoD Average Swing'!H12 -> 9.69
